[
    {
        "name": "Elrow",
        "value": 1
    },
    {
        "name": "Lowmin",
        "value": 2
    },
    {
        "name": "Maxwise",
        "value": 3
    },
    {
        "name": "Wina",
        "value": 4
    },
    {
        "name": "Lilly",
        "value": 5
    },
    {
        "name": "Lewin",
        "value": 6
    },
    {
        "name": "Willa",
        "value": 7
    },
    {
        "name": "Samlot",
        "value": 8
    },
    {
        "name": "Daisy",
        "value": 9
    },
    {
        "name": "Eldon",
        "value": 10
    },
    {
        "name": "Nora",
        "value": 11
    },
    {
        "name": "Woodrick",
        "value": 12
    },
    {
        "name": "Ella",
        "value": 13
    },
    {
        "name": "Samrick",
        "value": 14
    },
    {
        "name": "Hilna",
        "value": 15
    },
    {
        "name": "Welbin",
        "value": 16
    },
    {
        "name": "Dorrick",
        "value": 17
    },
    {
        "name": "Maxrow",
        "value": 18
    },
    {
        "name": "Bulmore",
        "value": 19
    },
    {
        "name": "Haygrin",
        "value": 20
    },
    {
        "name": "Crumly",
        "value": 21
    },
    {
        "name": "Petunia",
        "value": 22
    },
    {
        "name": "Windy",
        "value": 23
    },
    {
        "name": "Samwell",
        "value": 24
    },
    {
        "name": "Rowrick",
        "value": 25
    },
    {
        "name": "Finmore",
        "value": 26
    },
    {
        "name": "Ricbin",
        "value": 27
    },
    {
        "name": "Maxford",
        "value": 28
    },
    {
        "name": "Arton",
        "value": 29
    },
    {
        "name": "Corbin",
        "value": 30
    },
    {
        "name": "Rowan",
        "value": 31
    },
    {
        "name": "Woody",
        "value": 32
    },
    {
        "name": "Fillrow",
        "value": 33
    },
    {
        "name": "Windal",
        "value": 34
    },
    {
        "name": "Phina",
        "value": 35
    },
    {
        "name": "Samwise",
        "value": 36
    },
    {
        "name": "Hayton",
        "value": 37
    },
    {
        "name": "Arlon",
        "value": 38
    },
    {
        "name": "Binlow",
        "value": 39
    },
    {
        "name": "Woodlin",
        "value": 40
    },
    {
        "name": "Tobias",
        "value": 41
    },
    {
        "name": "Wendum",
        "value": 42
    },
    {
        "name": "Elras",
        "value": 43
    },
    {
        "name": "Willow",
        "value": 44
    },
    {
        "name": "Arlot",
        "value": 45
    },
    {
        "name": "Lewton",
        "value": 46
    },
    {
        "name": "Welford",
        "value": 47
    },
    {
        "name": "Bulton",
        "value": 48
    },
    {
        "name": "Wells",
        "value": 49
    },
    {
        "name": "Fillmore",
        "value": 50
    },
    {
        "name": "Emma",
        "value": 51
    },
    {
        "name": "Haymore",
        "value": 52
    },
    {
        "name": "Wintum",
        "value": 53
    },
    {
        "name": "Bulford",
        "value": 54
    },
    {
        "name": "Torbin",
        "value": 55
    },
    {
        "name": "Finrow",
        "value": 56
    },
    {
        "name": "Willgrin",
        "value": 57
    },
    {
        "name": "Willrow",
        "value": 58
    },
    {
        "name": "Lavinia",
        "value": 59
    },
    {
        "name": "Grover",
        "value": 60
    },
    {
        "name": "Lenrick",
        "value": 61
    },
    {
        "name": "Elton",
        "value": 62
    },
    {
        "name": "Ronan",
        "value": 63
    },
    {
        "name": "Groton",
        "value": 64
    },
    {
        "name": "Rook",
        "value": 65
    },
    {
        "name": "Trebor",
        "value": 66
    },
    {
        "name": "Hayla",
        "value": 67
    },
    {
        "name": "Nivla",
        "value": 68
    },
    {
        "name": "Winlow",
        "value": 69
    },
    {
        "name": "Gafl in",
        "value": 70
    },
    {
        "name": "Wenlow",
        "value": 71
    },
    {
        "name": "Fillgrin",
        "value": 72
    },
    {
        "name": "Elrick",
        "value": 73
    },
    {
        "name": "Trumbul",
        "value": 74
    },
    {
        "name": "Hilmore",
        "value": 75
    },
    {
        "name": "Tula",
        "value": 76
    },
    {
        "name": "Hayrick",
        "value": 77
    },
    {
        "name": "Wellesly",
        "value": 78
    },
    {
        "name": "Hilwell",
        "value": 79
    },
    {
        "name": "Dimrick",
        "value": 80
    },
    {
        "name": "Lorton",
        "value": 81
    },
    {
        "name": "Torlina",
        "value": 82
    },
    {
        "name": "Hama",
        "value": 83
    },
    {
        "name": "Samlow",
        "value": 84
    },
    {
        "name": "Norton",
        "value": 85
    },
    {
        "name": "Lewella",
        "value": 86
    },
    {
        "name": "Brela",
        "value": 87
    },
    {
        "name": "Jilla",
        "value": 88
    },
    {
        "name": "Rose",
        "value": 89
    },
    {
        "name": "Arly",
        "value": 90
    },
    {
        "name": "Dora",
        "value": 91
    },
    {
        "name": "Woodwil",
        "value": 92
    },
    {
        "name": "Hamlow",
        "value": 93
    },
    {
        "name": "Wilser",
        "value": 94
    },
    {
        "name": "Samton",
        "value": 95
    },
    {
        "name": "Bulrow",
        "value": 96
    },
    {
        "name": "Sambul",
        "value": 97
    },
    {
        "name": "Rula",
        "value": 98
    },
    {
        "name": "Willna",
        "value": 99
    },
    {
        "name": "Wenton",
        "value": 100
    }
]