[
    {
        "name": "Linna",
        "value": 1
    },
    {
        "name": "Kerston",
        "value": 2
    },
    {
        "name": "Ari",
        "value": 3
    },
    {
        "name": "Halden",
        "value": 4
    },
    {
        "name": "Lenia",
        "value": 5
    },
    {
        "name": "Bando",
        "value": 6
    },
    {
        "name": "Landon",
        "value": 7
    },
    {
        "name": "Eltor",
        "value": 8
    },
    {
        "name": "Torville",
        "value": 9
    },
    {
        "name": "Corin",
        "value": 10
    },
    {
        "name": "Elrick",
        "value": 11
    },
    {
        "name": "Lowmore",
        "value": 12
    },
    {
        "name": "Tavor",
        "value": 13
    },
    {
        "name": "Talmorn",
        "value": 14
    },
    {
        "name": "Bodie",
        "value": 15
    },
    {
        "name": "Nesbin",
        "value": 16
    },
    {
        "name": "Caltor",
        "value": 17
    },
    {
        "name": "Orina",
        "value": 18
    },
    {
        "name": "Tera",
        "value": 19
    },
    {
        "name": "Philia",
        "value": 20
    },
    {
        "name": "Lilrin",
        "value": 21
    },
    {
        "name": "Lervin",
        "value": 22
    },
    {
        "name": "Marlos",
        "value": 23
    },
    {
        "name": "Davrus",
        "value": 24
    },
    {
        "name": "Alros",
        "value": 25
    },
    {
        "name": "Fillcath",
        "value": 26
    },
    {
        "name": "Caldon",
        "value": 27
    },
    {
        "name": "Rosvor",
        "value": 28
    },
    {
        "name": "Keltor",
        "value": 29
    },
    {
        "name": "Mox",
        "value": 30
    },
    {
        "name": "Poe",
        "value": 31
    },
    {
        "name": "Torbrim",
        "value": 32
    },
    {
        "name": "Jorian",
        "value": 33
    },
    {
        "name": "Menlow",
        "value": 34
    },
    {
        "name": "Oran",
        "value": 35
    },
    {
        "name": "Ragill",
        "value": 36
    },
    {
        "name": "Halle",
        "value": 37
    },
    {
        "name": "Rimcall",
        "value": 38
    },
    {
        "name": "Narelle",
        "value": 39
    },
    {
        "name": "Lormila",
        "value": 40
    },
    {
        "name": "Rayne",
        "value": 41
    },
    {
        "name": "Anesa",
        "value": 42
    },
    {
        "name": "Krina",
        "value": 43
    },
    {
        "name": "Farnor",
        "value": 44
    },
    {
        "name": "Orlow",
        "value": 45
    },
    {
        "name": "Kelbin",
        "value": 46
    },
    {
        "name": "Philmox",
        "value": 47
    },
    {
        "name": "Orlos",
        "value": 48
    },
    {
        "name": "Fargim",
        "value": 49
    },
    {
        "name": "Alvor",
        "value": 50
    },
    {
        "name": "Marion",
        "value": 51
    },
    {
        "name": "Brimtor",
        "value": 52
    },
    {
        "name": "Almore",
        "value": 53
    },
    {
        "name": "Simtor",
        "value": 54
    },
    {
        "name": "Bevmore",
        "value": 55
    },
    {
        "name": "Coran",
        "value": 56
    },
    {
        "name": "Trina",
        "value": 57
    },
    {
        "name": "Menvor",
        "value": 58
    },
    {
        "name": "Tumbar",
        "value": 59
    },
    {
        "name": "Thorbul",
        "value": 60
    },
    {
        "name": "Barrit",
        "value": 61
    },
    {
        "name": "Kelmore",
        "value": 62
    },
    {
        "name": "Jorey",
        "value": 63
    },
    {
        "name": "Laxma",
        "value": 64
    },
    {
        "name": "Torgrin",
        "value": 65
    },
    {
        "name": "Smina",
        "value": 66
    },
    {
        "name": "Freya",
        "value": 67
    },
    {
        "name": "Pipa",
        "value": 68
    },
    {
        "name": "Dimble",
        "value": 69
    },
    {
        "name": "Pogrim",
        "value": 70
    },
    {
        "name": "Farwick",
        "value": 71
    },
    {
        "name": "Brebit",
        "value": 72
    },
    {
        "name": "Thormox",
        "value": 73
    },
    {
        "name": "Romil",
        "value": 74
    },
    {
        "name": "Boe",
        "value": 75
    },
    {
        "name": "Norna",
        "value": 76
    },
    {
        "name": "Keyvos",
        "value": 77
    },
    {
        "name": "Nesgrim",
        "value": 78
    },
    {
        "name": "Ingo",
        "value": 79
    },
    {
        "name": "Fenris",
        "value": 80
    },
    {
        "name": "Hano",
        "value": 81
    },
    {
        "name": "Thora",
        "value": 82
    },
    {
        "name": "Tiena",
        "value": 83
    },
    {
        "name": "Namel",
        "value": 84
    },
    {
        "name": "Lavintos",
        "value": 85
    },
    {
        "name": "Dimrus",
        "value": 86
    },
    {
        "name": "Hanmore",
        "value": 87
    },
    {
        "name": "Tolmore",
        "value": 88
    },
    {
        "name": "Romnor",
        "value": 89
    },
    {
        "name": "Jarl",
        "value": 90
    },
    {
        "name": "Simco",
        "value": 91
    },
    {
        "name": "Zanus",
        "value": 92
    },
    {
        "name": "Calkas",
        "value": 93
    },
    {
        "name": "Nihani",
        "value": 94
    },
    {
        "name": "Lohana",
        "value": 95
    },
    {
        "name": "Vilnor",
        "value": 96
    },
    {
        "name": "Jessup",
        "value": 97
    },
    {
        "name": "Vorlow",
        "value": 98
    },
    {
        "name": "Davlin",
        "value": 99
    },
    {
        "name": "Ormo",
        "value": 100
    }
]